name,seq
#1,TTGACAATTAATCATCCGGCTCGTATAATGTGTGGAATTGTGAGCGGATAACAAGCTAGCATTTAACGCCGAGGTTAATATGGCACTGACTAAACGTGAGAAGGAGAGCCTGAAGTGGGCGGCGATTGGCAAAACCTCATGGGAGATCAGCAAGATTCTGAATTGCAGCGAGGCGACAGTAAATTTTCACCTGACGAACATCGCGAATAAGCTGAATGTTACCTCTCGTCGTCAAGCAATTAGCAAGGCTGTATCCTTGGGACTTATCTAATAAAAGCTTGGCTGTTTTGGCGGAT
#2,TTGACAATTAATCATCCGGCTCGTATAATGTGTGGAATTGTGAGCGGATAACAAGCTAGCTTGTAAACCAGTCAGTAGGAGCGACGGATGGCCTTGACGAAGCGTGAGAAGGAATCACTGAAATGGGTCGCGGAAGGTAAGACGAGTTGGGAAATTAGCAAAATCCTGAATTGTTCGGAGGCCACCGTCAATTTTCATGTGACTAACATTGCCAATAAATTGAATGTCACGTCACGTCAGCAAGCGGTGTCGAAAGCGGTCAGCCTTGGACTGATTTAATAAAAGCTTGGCTGTTTTGGCGGAT
#3,TTGACAATTAATCATCCGGCTCGTATAATGTGTGGAATTGTGAGCGGATAACAAGCTAGCTACAAATATAAAGGGGGCCCTTTCATGGCCTTAACATCTCGTGAAAAAGAATCATTGACCTGGTTAGCCATCGGCAAAACCTCGTGGGAGATTTCCAAAATCCTGAATTGTTCGGAACGTACAATCAACTTCCATGTTACCAACATCCAGAACAAGTTGAATGTGACAAGTCGTCGCCAGGCTATTTCAAAAGCTGTTTCCCTTGGGCTTATTTAATAAAAGCTTGGCTGTTTTGGCGGAT
#4,TTGACAATTAATCATCCGGCTCGTATAATGTGTGGAATTGTGAGCGGATAACAAGCTAGCAATTGTACTTAAGGAAAATATTCATGGCTTTAACATCACGTGAGAAAGAGGTATTAAAATGGTGCGCTATCGGGAAAACCTCTTGGGAGATTTCTAAAATTCTTAATTGTTCCGAGGCTACAGTGAATTTTCACATGGGGAACATTCAACGTAAGCTGAATGTAACAAGTCGCCGTATTGCCATCATTAAAGCCGTATCATTAGGGCTGATTTAATAAAAGCTTGGCTGTTTTGGCGGAT
#5,TTGACAATTAATCATCCGGCTCGTATAATGTGTGGAATTGTGAGCGGATAACAAGCTAGCAAAGCTAGAATATAAAAACTTTCCCGAGGTAACAATGGCCTTGACCAAGCGCGAAAAAGAAGTGTTAAACTGGGTTTGCAACGGAAAGACTTCGTGGGAAATCAGTAAGATTCTTATTTGCTCGGAAGCTACCATCAATTTCCATGTTACTAATATCAATAACAAATTAAACGTAACAAGCCGCCAACAGGCTGTGTCGAAAGCTATCAGTTTGGGCTTGATTTAATAAAAGCTTGGCTGTTTTGGCGGAT
#6,TTGACAATTAATCATCCGGCTCGTATAATGTGTGGAATTGTGAGCGGATAACAAGCTAGCCGCCCTCGGCTAGTCACCCCGCTTATTGCTTACATTTCAGGTTTTTTTATGGCATTGACTTCGCGTGAAAAAGAGGTCCTGCAATGGTGTGCTATTGGCAAGACATCGTGGGAGATTTCAAAAATCGTCAACTGCAGTGAAGCAAATGTTAATTTTCACTTCGGCAATATCCGTCGTAAATTCAACGTCACATCTCGTCGCGCGGCGGTCGCCAAAGCCATTAACTTGGGCCTTATCTAATAAAAGCTTGGCTGTTTTGGCGGAT
#7,TTGACAATTAATCATCCGGCTCGTATAATGTGTGGAATTGTGAGCGGATAACAAGCTAGCTTTGAACACTTAAAGGAAAGAAATATAATGGCACTGACGAGCCGCGAGAAAGAGGTCTTGAAATGGTGTGCCATCGGGAAGACAACTTGGGAGATTTCGCGTATTCTTAACTGCAGTGAGGCTAATGTTAATTTTCACATGGGTAATATCCGTACAAAGTTCGGGGTTACCAGTCGCCGTCAAGCCGCAATCATGGCAGTAAATTTGGGTTTGATCTAATAAAAGCTTGGCTGTTTTGGCGGAT
#8,TTGACAATTAATCATCCGGCTCGTATAATGTGTGGAATTGTGAGCGGATAACAAGCTAGCGCATAACGTAAGGGGATTTTTTTATGGCCTTAACTTCTCGTGAAAAGGAGGTTCTGTGCTGGACCGCAGAAGGGAAAACATCCTGGGAGATCTCTAAGATTTTGAACTGTAGTGAGGCGACAGTGAATTTCCATATGGGGAATATCCGTCGTAAGTTTAATGTTACCAATCGCCGTCAAGCTATTGCAAAGGCTATCAATATGGGCCTGATCTAATAAAAGCTTGGCTGTTTTGGCGGAT
#9,TTGACAATTAATCATCCGGCTCGTATAATGTGTGGAATTGTGAGCGGATAACAAGCTAGCGACTAGCACAAATCCGGAGTTTTTAATGGCATTGACATCCCGCGAGAAGGAAGTTTTACATTGGTGTGCTGAAGGAAAAACGTCCTGGGAGATTTCTAAAATCATTGTTTGTTCGGAACGTACTGTGAATTTTCATTTGGGGAATATCCAACATAAACTGGGAGTAACCAATCGTCGCCAGGCAGTTATTAAAGCAATCAGTTTAGGATTGATTTAATAAAAGCTTGGCTGTTTTGGCGGAT
#10,TTGACAATTAATCATCCGGCTCGTATAATGTGTGGAATTGTGAGCGGATAACAAGCTAGCACTCACTTATATAAGGGCGGTAATTTTATGGCGCTGACTTCGCGCGAGAAGGAAGTATTGAAATGGTGCGCTGAAGGGAAAACATCTTGGGAGATCAGTAAAATTATTGTGTGTTCCGAGGCGACAGTTAATTTCCATCTTGGAAATATCCGTCGCAAGCTGGGTGTGACGAGCCGTCGCCAGGCGGTAATCAAGGCCATCTCACTTGGGTTGATTTAATAAAAGCTTGGCTGTTTTGGCGGAT
#11,TTGACAATTAATCATCCGGCTCGTATAATGTGTGGAATTGTGAGCGGATAACAAGCTAGCGAATAAACACTAGGTAAGGAGATGGCACTGACGAAACGTGAGAAAGAGGTATTGAAATGGTGCGCGGAGGGTAAAACGTCTTGGGAAATCTCGAAAATCATCGTCTGCAGTGAGGCCACCGTTTTCTTTCATCTTGGTAATATCCAGCGCAAATTGAATACGACCAACCGCCGCCAGGCCGTGTCAAAAGCAATCAGCCTGGGGCTGATTTAATAAAAGCTTGGCTGTTTTGGCGGAT
#12,TTGACAATTAATCATCCGGCTCGTATAATGTGTGGAATTGTGAGCGGATAACAAGCTAGCGAGCTTAGAAAATAGGGAGTATTGATGGCCCTGACCAAACGCGAAAAGGAAGTGCTTCATTGGTGTGCAGAAGGAAAAACGAGTTGGGAAATCAGTAAAATCATTGTCTGTTCAGAAGCGACGGTAAATTTCCATTTAGGGAACATTCGCCATAAGTTAGGTGTGACCAATCGCCGCCAGGCGATCATCAAAGCAATCTCTTTGGGATTGATCTAATAAAAGCTTGGCTGTTTTGGCGGAT
#13,TTGACAATTAATCATCCGGCTCGTATAATGTGTGGAATTGTGAGCGGATAACAAGCTAGCTCAACAACTGTAACAAGGAGTCAATATATGGCGCTTACCAAGCGTGAAAAAGAAGTCTTAAAGTGGTGCGCTGAAGGTAAGACATCTTGGGAGATTTCACAGATTATCGTATGTAGCGAGGCTACTGTGAATTTTCACTTAGGGAACATTCGCCACAAATTGGGCGTCACATCGCGTCGCCAGGCAGTCATTAAGGCTATCAGCTTGGGGTTAATCTAATAAAAGCTTGGCTGTTTTGGCGGAT
#14,TTGACAATTAATCATCCGGCTCGTATAATGTGTGGAATTGTGAGCGGATAACAAGCTAGCAAGCTAATTTAAAGTAGGTAAAACAGATGGCCCTGACTTCGCGCGAAAAGGAGGTACTTCACTGGTGCGCTGAGGGAAAGACCAGTTGGGAAATTTCCAAAATCATTGTGTGCAGTGAACGCACAGTCTTTTTCCACCTGGGAAACATTCAACGTAAGCTGGGAACAACAAATCGCCGCCAGGCTATTAGTAAAGCTATTCAGTTGGGTTTAATCTAATAAAAGCTTGGCTGTTTTGGCGGAT
#15,TTGACAATTAATCATCCGGCTCGTATAATGTGTGGAATTGTGAGCGGATAACAAGCTAGCACAGCATAAGGGGTTTTTTTATGGCTTTAACTTCCCGTGAGAAAGAAGTTTTGCATTGGTGCGCGATTGGTAAAACTAGCTGGGAAATCTCGCAGATCATCGTTTGCTCGGAAGCCAATGTGAACTTCCATCTTGGCAACATTCGTCGTAAGTTGGGGGTAACTAGCCGTCGCCAAGCTGTGATTAAGGCCATTAACCTGGGGTTAATCTAATAAAAGCTTGGCTGTTTTGGCGGAT
#16,TTGACAATTAATCATCCGGCTCGTATAATGTGTGGAATTGTGAGCGGATAACAAGCTAGCCGTAAGGTAAAAAAGGAGTCACGAATGGCCTTGACTAAGCGTGAGAAGGAATGCCTGAAGTGGTGTGCAGAAGGCAAAACCAGTTGGGAGATTTCAAAAATTATCGTTTGCTCCGAAGCCACAGTGAACTTTCATCTGGGAAACATTCGCATGAAATTAGGAACTACTAACCGTCGCCAAGCTATTAGTAAGGCCATTTCACTGGGTTTAATCTAATAAAAGCTTGGCTGTTTTGGCGGAT
#17,TTGACAATTAATCATCCGGCTCGTATAATGTGTGGAATTGTGAGCGGATAACAAGCTAGCTATTGTTAGCATAAATCAAAGGGGACCGGCCAAATGGCATTGACAAAGCGTGAGAAGGAATGTTTGCACTGGTGCGCTGAAGGAAAAACAAGCTGGGAGATTTCAAAGATCATTGTTTGCTCTGAGCGCACCGTAAACTTTCATCTTGGGAACATTACACATAAACTTGGAACAACGAATCGTCGCCAAGCTATTTCAAAAGCAATTTCCCTTGGATTGATTTAATAAAAGCTTGGCTGTTTTGGCGGAT
#18,TTGACAATTAATCATCCGGCTCGTATAATGTGTGGAATTGTGAGCGGATAACAAGCTAGCTGCACCACATACGGAGTTTTATTATGGCCCTTACCTCCCGCGAGAAGGAAGTTCTTCACTGGTGTGCAGAGGGAAAAACGTCTTGGGAAATCTCACAAATTATCGTGTGTTCTGAGCGCACCGTGTCATTTCATTTAGGTAACATTCAACGTAAACTTGGGGTCACGAATCGCCGCCAAGCTATTATTCGCGCAATTAGTTTAGGTCTTATCTAATAAAAGCTTGGCTGTTTTGGCGGAT
#19,TTGACAATTAATCATCCGGCTCGTATAATGTGTGGAATTGTGAGCGGATAACAAGCTAGCAGCGAACATCGAAAAACTGAGGTAAAAATGGCACTGACTAAACGTGAGAAAGAGTGCTTGCAGTGGCTGGCGGAAGGTAAGTCGAGTTGGGAAATCAGTAAAATTCTGAACTGCTCTGAAGCTACGGTTAATTTCCACTTCGGTAACATCCGCCGTAAAATGGGCGTTACCTCCCGCCAACAAGCAGTCGTAAAAGCTATCCAGCTTGGGTTAATTTAATAAAAGCTTGGCTGTTTTGGCGGAT
#20,TTGACAATTAATCATCCGGCTCGTATAATGTGTGGAATTGTGAGCGGATAACAAGCTAGCAACGAACCAGCAATTGGGGAGCAAAAATGGCGCTTACAAAACGTGAAAAAGAATGTCTGAAGTGGTCGGCGGAGGGCAAAACCTCTTGGGAAATTAGCAAAATTTTGAATTGCAGCGAAGCAACGGTTAATTTTCATTTTGGTAATATCCGTCGCAAGATGGGGGTCACAAGTCGCCAGCAGGCAGTAGTAAAGGCTATCCAATTAGGCTTAATCTAATAAAAGCTTGGCTGTTTTGGCGGAT
#21,TTGACAATTAATCATCCGGCTCGTATAATGTGTGGAATTGTGAGCGGATAACAAGCTAGCCGATACGCGGCATAAGGGGCAGATTCTAATGGCTTTAACTAAGCGCGAAAAAGAGTGCTTACAATGGTCTGCTGAAGGCAAAACTTCCTGGGAGATTAGCAAAATTTTAAACTGCTCTGAAGCAACCGTCAACTTTCATTTTGGGAACATTAACCGTAAAATGGGGGTCACGTCACGTCAACATGCAGTCATCCGTGCCATTCAGCTTGGCTTAATCTAATAAAAGCTTGGCTGTTTTGGCGGAT
#22,TTGACAATTAATCATCCGGCTCGTATAATGTGTGGAATTGTGAGCGGATAACAAGCTAGCGACCCGGGTATACGGAGGTCATTGATGGCGTTAACCAAACGTGAAAAAGAATGCTTGCAGTGGCTTGCGGAAGGCAAAAGCTCGTGGGAAATTTCAAAGATTCTTAATTGTTCCGAGGCAACAGTCAACTTCCACTTCGGAAACATCCGTCGTAAATTCGGTGTAACTTCGCGCCAACATGCCGTTGTGAAAGCAATCCAGCTTGGCCTGATTTAATAAAAGCTTGGCTGTTTTGGCGGAT
#23,TTGACAATTAATCATCCGGCTCGTATAATGTGTGGAATTGTGAGCGGATAACAAGCTAGCCCTACCCATATCGGAGACACATATGGCATTAACGAAACGCGAAAAAGAATGTCTGCAATGGTGTGCAGAGGGCAAGACCTCCTGGGAAATCTCAAAAATCTTGAATTGCTCGGAAGCTACTGTCAACTTTCATTTTGGTAACATCAATCGCAAAATGGGCGTTACTTCGCGTCAGCACGCCGTTATCAAAGCAATCAATTTGGGTTTGATCTAATAAAAGCTTGGCTGTTTTGGCGGAT
#24,TTGACAATTAATCATCCGGCTCGTATAATGTGTGGAATTGTGAGCGGATAACAAGCTAGCAACTAGCAATAAGGCTGGAATTAATGGCATTAACCAAACGCGAAAAAGAGTGCTTACAGTGGAGTGCCGAGGGAAAAACCAGTTGGGAAATCAGTAAAATTTTGAACTGTTCGGAAGCAACAGTGAACTTTCATCTTGGAAATATCCGCCGCAAGATGGGCGTCACTTCCCGCCAGCACGCTGTCATTAAAGCTATCCAGCTTGGATTGATCTAATAAAAGCTTGGCTGTTTTGGCGGAT
#25,TTGACAATTAATCATCCGGCTCGTATAATGTGTGGAATTGTGAGCGGATAACAAGCTAGCAGATTAAGGAACTCTAGTATTATGGCCCTGACTAAGCGCGAAAAAGAATGTTTACAGTGGTCTGCGGAAGGGAAAACCTCTTGGGAAATTTCAAAAATCATTAATTGCTCGGAACGTACTGTTAATTTTCACCTGGGGAACATCCGCATGAAGATGGGGGTAACATCTCGCCAGCAGGCAGTTTCCCGTGCTATCCAGCTTGGGAGTATCTAATAAAAGCTTGGCTGTTTTGGCGGAT
#26,TTGACAATTAATCATCCGGCTCGTATAATGTGTGGAATTGTGAGCGGATAACAAGCTAGCAAGTTTTTTATTAAGTAGGAGGGGAGATCATGGCGCTTACCAAGCGCGAGAAGGAATGTTTGAAGTGGACGGCGGAAGGAAAAACGTCCTGGGAGATTTCAAAAATCTTAAATTGTAGTGAGGCAACTGTCAACTTTCACTTTGGGAATATCCGTCGTAAGTTTGGTGTTACCTCGCGTCGCCATGCAGTGATTAAGGCTATTAACTTGGGCCTTATTTAATAAAAGCTTGGCTGTTTTGGCGGAT
#27,TTGACAATTAATCATCCGGCTCGTATAATGTGTGGAATTGTGAGCGGATAACAAGCTAGCTGTACTAATAAAAAGGGGGTTGGGTATGGCCTTAACAAAGCGTGAGAAAGAGTGCCTGCAATGGACTGCTGAAGGTAAGACTTCATGGGAAATCAGTAAAATCTTGAATTGCAGCGAAGCAACTGTCAACTTCCACTTGGGCAACATCAATCGCAAAATGGGAGTGACCTCACGCCGCGTTGCGGCTATTCGCGCAATCAATCTGGGGCTTATTTAATAAAAGCTTGGCTGTTTTGGCGGAT
#28,TTGACAATTAATCATCCGGCTCGTATAATGTGTGGAATTGTGAGCGGATAACAAGCTAGCCAATAGCTATAAGACAGGGGAGTAGTATGGCACTTACCAAACGCGAGAAAGAGAGCCTGCAGTGGAGTGCGGAAGGCAAAAGCACATGGGATATTGCAAAGATTCTGAATTGCTCAGAACGCACGGTGAACTTCCATCTTCAGAATATTCGCATGAAAATGGGCGTGACTAACCGCCAACATGCTGTGTCTCGTGCAATTCAGCTTGGCGCGATCTAATAAAAGCTTGGCTGTTTTGGCGGAT
#29,TTGACAATTAATCATCCGGCTCGTATAATGTGTGGAATTGTGAGCGGATAACAAGCTAGCGATAGCCCCCAAGGGAGTTTTATAATGGCCCTTACTAAACGCGAGAAGGAGTGTTTGCAGTGGGCAGCGGAGGGGAAAACTTCCTGGGAAATTAGTAAGATTCTGAATTGTTCCGAAGCCACGGTGAATTTCCACTTAGGTAATATTGCTCGTAAGATGGGGGTCACCTCTCGTCAACAAGCGGTAATTCGTGCTATTCAACTGGGCCTTATTTAATAAAAGCTTGGCTGTTTTGGCGGAT
#30,TTGACAATTAATCATCCGGCTCGTATAATGTGTGGAATTGTGAGCGGATAACAAGCTAGCGGCAAAATAAGAGAACAATAAATGGCATTAACTAAGCGTGAAAAAGAATGTTTACAGTGGACAGCAGAAGGCAAGACCTCCTGGGAAATTAGTAAGATTTTAAATTGTAGTGAGGCAACAGTGAACTTCCACTTCGGGAATATCGCACGCAAGTTTGGCGTGACCTCGCGCCAGCAGGCCGTTATCCGCGCCATCTCCCTTGGTTTGATCTAATAAAAGCTTGGCTGTTTTGGCGGAT
#31,TTGACAATTAATCATCCGGCTCGTATAATGTGTGGAATTGTGAGCGGATAACAAGCTAGCAGGATTATTCCTGTTATTGCAGGAGGTTTCGAATGGCTCTTACTAAACGCGAAAAGGAGAGCTTGAAGTGGAGCGCCGAGGGAAAAACAAGTTGGGAAATCTCTAAAATCTTGAACTGTTCGGAAGCTACCGTAAACTTTCACTTGGGCAACATTCGTATGAAACTTGGAGTTACCTCACGTCAACATGCAGTCTCGAAGGCCATCTTATTAGGAAGCATCTAATAAAAGCTTGGCTGTTTTGGCGGAT
#32,TTGACAATTAATCATCCGGCTCGTATAATGTGTGGAATTGTGAGCGGATAACAAGCTAGCATAAACCAATAAAGGAGGCAGCATGGCGCTTACTAAACGCGAGAAAGAAGTCCTTTGTTGGACCGCTGAGGGCAAGAGTTCCTGGGAAATTTCTCGCATTCTGAATTGTTCGGAAGCGAACGTGAATTTTCATTTTAGCAATATCAACATGAAGTTTGGAGTGACTTCGCGCCAGCACGCCGTAGTGAAAGCTGTGAACCTGGGTCTTATTTAATAAAAGCTTGGCTGTTTTGGCGGAT
#33,TTGACAATTAATCATCCGGCTCGTATAATGTGTGGAATTGTGAGCGGATAACAAGCTAGCTACACTGCTAGGTATAAGGCAAGGGATTATGGCACTTACGAAGCGCGAAAAGGAGGTACTTACGTGGACCGCTATCGGTAAGTCGTCATGGGAGATCAGCCGCATCTTAAACTGTTCTGAAGCAAATGTCAATTTCCATTTCAAAAACATCAACATGAAGTTTGGTGTAACAAGCCGCCAAGATGCGGTGGTCAAAGCGATCAATCTTGGCCTGATCTAATAAAAGCTTGGCTGTTTTGGCGGAT
#34,TTGACAATTAATCATCCGGCTCGTATAATGTGTGGAATTGTGAGCGGATAACAAGCTAGCTCGTAGCTAGACCCCAACCCCCGGAGGATTTATGGCTCTTACATCTCGTGAAAAGGAAGTGTTGTGCTGGTGCGCGGAAGGTAAATCTAGCTGGGAGATTTCTCGTATCTTAAACTGCTCGGAAGCGAATGTGAACTTCCACTTTAGCAACATCAACATGAAATTTGGTGTTACATCCCGCCGCCATGCAGTAGTTCGTGCTGTGAACCTTGGTTTAATCTAATAAAAGCTTGGCTGTTTTGGCGGAT
#35,TTGACAATTAATCATCCGGCTCGTATAATGTGTGGAATTGTGAGCGGATAACAAGCTAGCGAAATTATTGGGAGGGCTAATGGCGTTAACATCCCGTGAGAAAGAGGTATTAACCTGGACAGCGATTGGGAAAAGCTCTTGGGAAATTTCTAAAATTCTTAATTGCAGCGAGGCCAACGTGAATTTTCATTTTAACAACATCAATATGAAATTCGGCGTAACTTCTCGCCGCGCGGCTGTTGTGAAAGCGGTCAACTTGGGCCTTATCTAATAAAAGCTTGGCTGTTTTGGCGGAT
#36,TTGACAATTAATCATCCGGCTCGTATAATGTGTGGAATTGTGAGCGGATAACAAGCTAGCACAATTACGGGTTCGGTATTAATTAATGGCGTTGACGAAGCGCGAAAAAGAGGTCTTATGTTGGACATGTGAAGGGAAATCTTCTTGGGAGATTAGCAAAATCCTTAATTGTTCTGAGGCCAATGTGAACTTCCACTTTAGTAACATCAACATGAAGTTCGGAGTGACCAATCGCCAGGCGGCAGTCGTCAAGGCGGTCAACATGGGTTTGATCTAATAAAAGCTTGGCTGTTTTGGCGGAT
#37,TTGACAATTAATCATCCGGCTCGTATAATGTGTGGAATTGTGAGCGGATAACAAGCTAGCCTATCATATTAACATAAGGAGCATAATAATGGCATTGACCTCTCGCGAAAAAGAGGTATTAACGTGGACTGCGGAGGGGAAAAGTTCGTGGGAGATTAGCCGTATCTTAAATTGTAGTGAGGCAAACGTGAATTTTCACTTTAAGAATATTTATATGAAGTTCGGTACTACCTCTCGTCAGGATGTCGTGGTCAAGGCGATCAACATGGGGTTAATCTAATAAAAGCTTGGCTGTTTTGGCGGAT
#38,TTGACAATTAATCATCCGGCTCGTATAATGTGTGGAATTGTGAGCGGATAACAAGCTAGCTTGTTATCCTCCCAAAACCCTAATCCGGAAATTTTTTATGGCTCTGACCTCTCGTGAAAAAGAAGTGTTAAATTGGACGGCAGAGGGTAAAACTAGCTGGGAAATCAGCCGCATCTTGAACTGCTCGGAGGCGAATGTGAATTTCCATTTTAGCAACATTAACATGAAGTTTGGCGTTACATCTCGCCGCGCTGCTGTTGTCAAGGCGATCAACATGGGGCTTATTTAATAAAAGCTTGGCTGTTTTGGCGGAT
#39,TTGACAATTAATCATCCGGCTCGTATAATGTGTGGAATTGTGAGCGGATAACAAGCTAGCAGAACATTATTAAGAGAGGCCCCGTATGGCATTAACTTCTAAGGAGAAAGAGGTGTTGAATTGGACTGCCGAAGGGAAAACCTCTTGGGAAATCAGCCGCATTCTTAACTGTTCCGAAGCTAATGTAAATTTTCACTTCAGTAACATTAACATGAAATTCGGGGTAACAAGCCGCCAAGACGCAGTAGTCAAGGCGATTAACATGGGGTTGATTTAATAAAAGCTTGGCTGTTTTGGCGGAT
#40,TTGACAATTAATCATCCGGCTCGTATAATGTGTGGAATTGTGAGCGGATAACAAGCTAGCAACAAAAACACGATAGAAGGAGATTAATAATGGCCCTTACCTCTCGCGAAAAAGAGGTCTTATGCTGGACTGCCGAGGGGAAGAGTTCCTGGGAAATCTCGCGCATCCTTAATTGTAGCGAGGCTAATGTAAACTTCCATTTCAGTAACATCAACATGAAGTTCGGAGTGACAAATCGTCGTCATGCGGTTGTAAAGGCAGTCAATCTTGGTCTGATCTAATAAAAGCTTGGCTGTTTTGGCGGAT
#41,TTGACAATTAATCATCCGGCTCGTATAATGTGTGGAATTGTGAGCGGATAACAAGCTAGCTACTAGTAATAAATAGAGGTACTGATGGCCTTAACCAAACGTGAAAAGGAGGTTTTATGTTGGTGCTGCGAAGGAAAGACTTCGTGGGAGATCAGTAAAATCCTGAACTGCTCAGAGGCGAATGTTAATTTCCACTTTTCTAACATTAACATGAAATTTGGTGTGACAAACCGCCGCGCGGCGGTTGTTCGCGCAGTACAGCTTGGTTTAATCTAATAAAAGCTTGGCTGTTTTGGCGGAT
#42,TTGACAATTAATCATCCGGCTCGTATAATGTGTGGAATTGTGAGCGGATAACAAGCTAGCAAGCACAGAGGAGGTATTTTATGGCTTTGACCTCCCGCGAAAAGGAGGTTCTGCAATGGACTGCTATCGGCAAGACATCGTGGGAGATTAGCCGCATCTGCAACTGTTCAGAAGCAAACGTGAATTTCCACTTCGGCAACATTAACATGAAGTTTGGTGTCACTAGCCGTCGCGCTGCGGTCGTGAAGGCAGTCAATTTAGGGCTTATTTAATAAAAGCTTGGCTGTTTTGGCGGAT
#43,TTGACAATTAATCATCCGGCTCGTATAATGTGTGGAATTGTGAGCGGATAACAAGCTAGCTGACTAAAGGTAGAGCAAATTCAAGGGGGGATCCATGGCATTGACACCACGCGAGAAAGAGGTGTTAAAGTGGTCGGCTATTGGCAAAACTTCTTGGGAGATTTCACAGATTCTGAACTGTTCAGAAGCAACGGTCAACTTTCATTTCAGCAATATTCGTCGCAAGTTCGGCGTAACTAATCGTCGCCAAGCTGTTGTCAAGGCAATTCAATTAGGCTTAATTTAATAAAAGCTTGGCTGTTTTGGCGGAT
#44,TTGACAATTAATCATCCGGCTCGTATAATGTGTGGAATTGTGAGCGGATAACAAGCTAGCAATTGATAAGAGGAGATAAATTTTAATGGCGCTTACGCCGCGTGAAAAGGAGGTTTTAAAATGGTCTGCAATCGGTAAGACGAGCTGGGAAATTTCGCAGATTCTTAACTGTTCAGAGGCAACTGTAAATTTTCACATGAGTAACATCCGTCGCAAGTTTGGGGTGACGAATCGTCGCCAAGCAGTGGTTAAGGCAGTCAACATGGGGCTGATTTAATAAAAGCTTGGCTGTTTTGGCGGAT
#45,TTGACAATTAATCATCCGGCTCGTATAATGTGTGGAATTGTGAGCGGATAACAAGCTAGCATAACTAAGGAATCCAGGTATGGCATTAACACCGCGCGAAAAAGAGGTATTAAAGTGGAGTATGGTGGGCAAATCAAGTTGGGAGATTAGTAAAATCTTAAATTGCAGCGAGGCGACAGTTAATTTCCACTTTAGTAACATCCGTCGTAAATTTGGTGTTACTTCGCGTCAGCAAGCTGTGGTGAAGGCCATCCAATTGGGGATTATTTAATAAAAGCTTGGCTGTTTTGGCGGAT
#46,TTGACAATTAATCATCCGGCTCGTATAATGTGTGGAATTGTGAGCGGATAACAAGCTAGCTTAAACAAAGGGAGGTTGAAATTCATGGCGTTAACCAGTCGTGAAAAAGAGGTATTGCAGTGGTGTGCCATCGGCAAGACTTCGTGGGAGATTAGCAAAATCATCAACTGCTCTGAAGCTACGGTCAACTTCCATTTTGGTAACATTCGTCGCAAGTTTGGCGTCACTTCCCGCCAGCAAGCAATCATTAAGGCTGTGAACCTGGGGTTAATTTAATAAAAGCTTGGCTGTTTTGGCGGAT
#47,TTGACAATTAATCATCCGGCTCGTATAATGTGTGGAATTGTGAGCGGATAACAAGCTAGCGAGCTTCCACTGAAAGAGGAGTAAACATGGCTTTAACAAGCCGCGAAAAAGAGGTACTGCAATGGTGCGCGATTGGGAAAACATCCTGGGAGATTAGTAAGATTTGCAATTGTTCGGAGGCAAATGTGAACTTCCACTTCGGCAACATCCGCCGCAAGTTTAACGTGACATCCCGCCGCCAGGCGATCATTAAAGCTATCAACTTGGGCCTGATTTAATAAAAGCTTGGCTGTTTTGGCGGAT
#48,TTGACAATTAATCATCCGGCTCGTATAATGTGTGGAATTGTGAGCGGATAACAAGCTAGCAAAGCATACAATAGAGAGACAACACATGGCCCTTACAAGTCGCGAGAAGGAAGTTTTACAGTGGTGTGCCATTGGGAAAACGTCCTGGGAGATTAGCAAGATTTGCAATTGCAGCGAGGCCAATGTGAACTTCCACTTCGGCAACATCCGCCGCAAGTTCAACGTAACATCCCGTCGTCAAGCTATCATCATGGCGGTCAACTTAGGTTTGATCTAATAAAAGCTTGGCTGTTTTGGCGGAT
#49,TTGACAATTAATCATCCGGCTCGTATAATGTGTGGAATTGTGAGCGGATAACAAGCTAGCTGCAAACCTGCAGTACGGAGGATCGAATGGCTCTGACCAAGCGCGAAAAGGTAGTATTGAAGTGGTGCGCTGAGGGTAAAACATCTTGGGAAATTTCGCAAATTTTCAACTGCAGTGAGGCTAACGTAAACTTCCATATTGGCAATATCCAACGTAAATTTAATACAACGAATCGTCGTGCCGTTATTGTTATGGCTGTAAATTTGGGACTTATTTAATAAAAGCTTGGCTGTTTTGGCGGAT
#50,TTGACAATTAATCATCCGGCTCGTATAATGTGTGGAATTGTGAGCGGATAACAAGCTAGCGAGCTAACTTTTATAGAGAGGCCTGTATGGCTTTAACAAAGCGCGAGAAGGTGTGCCTTAGCTGGTGCGCCGAGGGCAAAACGTCCTGGGAGATTTCTCAAATCTTCAACTGCTCAGAGGCGAATGTAAACTTCCATATCGGGAATATCCAGCGTAAGTTTAATACTACCAATCGTCGCGCTGCAATTATCATGGCCGTCAACCTGGGTTTAATCTAATAAAAGCTTGGCTGTTTTGGCGGAT
#51,TTGACAATTAATCATCCGGCTCGTATAATGTGTGGAATTGTGAGCGGATAACAAGCTAGCGGCTACAGATCCTATAAGAGGTACGCATGGCCTTAACGTCACGCGAAAAAGTTGTGTTAAAATGGTGCGCCGAGGGCAAAACATCATGGGAGATCAGCCACATTTTTAACTGCTCGGAAGCGAACGTCAACTTTCACATTGGAAATATCCAGCGCAAATTCAACACTACAAATCGCCGTGCTGCAGCAATCATGGCAGTTAATTTAGGTGCTATTTAATAAAAGCTTGGCTGTTTTGGCGGAT
#52,TTGACAATTAATCATCCGGCTCGTATAATGTGTGGAATTGTGAGCGGATAACAAGCTAGCTAAGGCTAGAAAGGAGCTCAAAGGAATGGCTTTAACAAAACGCGAGAAGGAGGTGCTGAAATGGTGTGCGGAGGGCAAAACCTCCTGGGAAATCAGCCAAATTTTTAACTGTAGCGAGGCAAACGTAAACTTCCATATTGGAAACATTCAACGTAAATTCAACGTCACCAACCGTTCTGCGGCAATCGTTATGGCGGTGAACCTTGGCTTGATCTAATAAAAGCTTGGCTGTTTTGGCGGAT
#53,TTGACAATTAATCATCCGGCTCGTATAATGTGTGGAATTGTGAGCGGATAACAAGCTAGCAGCCAAGGTAAGGTAAGGAATGGCATTAACGAAGCGCGAAAAAGAGGTTCTTAAATGGTGCGCTGAGGGAAAAACCAGTTGGGAAATCAGCCAAATCTATAACTGTAGTGAGGCTAATGTAAATTTTCATATTGGCAACATTCAACGCAAATTCGGGACCACCAATCGTAGCGCTGCAGCGATCATGGCAGTGAATCTTGGGGCAATTTAATAAAAGCTTGGCTGTTTTGGCGGAT
#54,TTGACAATTAATCATCCGGCTCGTATAATGTGTGGAATTGTGAGCGGATAACAAGCTAGCTAGATAAGAAGGGGGAGTTTAATGGCGCTGACTAAGCGCGAGAAGGTATGCCTGAGCTGGTGTGCAGAAGGCAAAACCTCTTGGGAGATTAGCCACATTTTCAACTGCTCAGAAGCTAATGTAAACTTTCACATCGGGAATATTCAACGTAAATTTGGGACGACCAACCGCCGTGCCGCTATTGTGATGGCTGTAAATTTGGGAGCGATCTAATAAAAGCTTGGCTGTTTTGGCGGAT
#55,TTGACAATTAATCATCCGGCTCGTATAATGTGTGGAATTGTGAGCGGATAACAAGCTAGCCCGCCAACAGTAAGGAGATACAAATGGCTTTGACCTCGCGTGAAAAAGTCTGCCTGAGCTGGTGCGCCGAAGGTAAGACCAGTTGGGAGATCAGTCACATTCTGAACTGCTCGGAGGCAAATGTAAATTTTCATATCGGAAACATCCAACGCAAATTCAACACCACCAGTCGCCGCGCCGCCATTATCATGGCTGTGAACCTTGGGCTGATCTAATAAAAGCTTGGCTGTTTTGGCGGAT
#56,TTGACAATTAATCATCCGGCTCGTATAATGTGTGGAATTGTGAGCGGATAACAAGCTAGCTTGTTTTATATTAGCCGAGAGGACAAAATGGCACTTACATCCCGCGAAAAAGAAGTCTTGAAATGGACGGCTGTAGGTAAGACTTCGTGGGAAATCAGCGTCATTGTAGTCTGCTCTGAAGCGAACGTGAACTTTCACATGACAAATATCCGTCACAAGTTCGGTGTCACCAGTCGCCGTGCCGCCGCTGTTCGTGCAGTAAACTTAGGTTTAATTTAATAAAAGCTTGGCTGTTTTGGCGGAT
#57,TTGACAATTAATCATCCGGCTCGTATAATGTGTGGAATTGTGAGCGGATAACAAGCTAGCATAACAAGTAATACAGGAGGGGATCTAATGGCGTTGACCTCACGTGAGAAAGAGGTCTTAAAATGGTGCACTATTGGTAAGACCAGTTGGGAAATCTCGGTCATCTGTGTGTGTTCTGAAGCTAACGTGAATTTCCACATGTCTAACATTCGCCACAAATTTGGAGTGACCAATCGCCGCGCAGCAGCGGTCCGTGCCGTGAATCTTGGTTTGATCTAATAAAAGCTTGGCTGTTTTGGCGGAT
#58,TTGACAATTAATCATCCGGCTCGTATAATGTGTGGAATTGTGAGCGGATAACAAGCTAGCAAATCTACCAAATAGGGAGCGAAGAATATGGCGCTGACATCGCGTGAAAAGGAAGTCTTAAAGTGGTGCGCCGTCGGAAAGACCTCGTGGGAAATTTCCGTCATCGTTGTATGCTCTGAGGCGAATGTAAATTTTCATATGACAAACATCCGCCGTAAATTCGGCGTTACCTCGCGCCGCATGGCTGCCGTCCGTGCGGTGAACTTGGGTTTAATCTAATAAAAGCTTGGCTGTTTTGGCGGAT
#59,TTGACAATTAATCATCCGGCTCGTATAATGTGTGGAATTGTGAGCGGATAACAAGCTAGCAGGCTAACATCGGTAAGGAGACGATAATATGGCATTGACATCCCGTGAGAAGGAGGTGTTACAATGGTGCGCCGTAGGAAAAACGTCTTGGGAAATCAGCGTGATCGTGAACTGTAGCGAGGCTAACGTGAATTTTCACATGACGAACATCCGTCGCAAGTTCGGTGTCACTAGCCGTCGCATGGCTGCGGTGCGCGCTGTCAATTTAGGGTTGATTTAATAAAAGCTTGGCTGTTTTGGCGGAT
#60,TTGACAATTAATCATCCGGCTCGTATAATGTGTGGAATTGTGAGCGGATAACAAGCTAGCATAATAACTACGCAGGAGATATACTTATGGCATTGACTAGCCGCGAGAAAGAGGTATTACAGTGGTGCGCCATTGGGAAAACCAGTTGGGAGATTTCCGTCATCCTTGTTTGTAGTGAAGCTAATGTGAATTTTCACATGACTAACATCCGTCGCAAATTTGGGGTAACATCCCGTCGCATGGCTGCTGTGCGTGCGGTCAATTTAGGTCTGATCTAATAAAAGCTTGGCTGTTTTGGCGGAT
#61,TTGACAATTAATCATCCGGCTCGTATAATGTGTGGAATTGTGAGCGGATAACAAGCTAGCATTTGATTAAATAAGAGTATAAGAGATGTTGACAAAACGTGAGAAGGAAAGCCTGAAGTGGGCTGCTATCGGCAAGACTAGCTGGGAGATTTCCAAAATCCTTAATTGCTCCGAGGCCACTGTAAATTTCCACCTGACAAACATTGCTAATAAGTTGAATGTGACTTCTCGTCGCCAAGCAATTTCAAAAGCAGTCTCTTTGGGGCTGATCTAATAAAAGCTTGGCTGTTTTGGCGGAT
#62,TTGACAATTAATCATCCGGCTCGTATAATGTGTGGAATTGTGAGCGGATAACAAGCTAGCCGCTGGGCAGAGCTAAGGAGTATCGATTATGCTTACTAAACGTGAAAAGGAGTCTTTGAAGTGGGTCGCTGAAGGTAAAACTAGCTGGGAGATCAGCAAAATTTTGAACTGCTCAGAGGCAACAGTTAATTTTCATGTGACAAATATCGCTAACAAACTGAATGTTACATCACGTCAGCAGGCCGTGAGTAAGGCAGTCAGTCTTGGGCTTATTTAATAAAAGCTTGGCTGTTTTGGCGGAT
#63,TTGACAATTAATCATCCGGCTCGTATAATGTGTGGAATTGTGAGCGGATAACAAGCTAGCATCTTAGATACGGAGGCCTCATGCTGACTTCGCGCGAGAAAGAATCCCTTACCTGGCTGGCTATTGGCAAAACGTCCTGGGAGATCTCGAAAATTCTTAACTGTTCAGAGCGTACCATCAACTTCCATGTTACCAACATCCAGAATAAGCTGAATGTTACGTCACGCCGTCAGGCTATTTCGAAAGCAGTGTCGCTTGGTTTAATTTAATAAAAGCTTGGCTGTTTTGGCGGAT
#64,TTGACAATTAATCATCCGGCTCGTATAATGTGTGGAATTGTGAGCGGATAACAAGCTAGCACACTTAGAAGGGGCGGGTACACTAATGTTGACAAGTCGTGAGAAGGAAGTCCTTAAATGGTGTGCTATCGGGAAAACTAGCTGGGAGATCAGCAAGATTTTGAATTGTTCGGAGGCGACTGTTAACTTTCACATGGGGAACATTCAGCGCAAGTTGAACGTAACCTCTCGTCGCATTGCAATCATTAAAGCCGTTAGCCTGGGCCTTATCTAATAAAAGCTTGGCTGTTTTGGCGGA
#65,TTGACAATTAATCATCCGGCTCGTATAATGTGTGGAATTGTGAGCGGATAACAAGCTAGCAAGCATTAAGGGGAACAATTGGTTTATGTTGACGAAGCGCGAGAAGGAAGTCCTTAACTGGGTATGTAATGGAAAAACTAGCTGGGAGATTTCAAAGATTTTGATTTGCAGCGAAGCGACAATCAACTTTCATGTCACTAATATTAACAATAAATTGAATGTCACATCACGTCAACAAGCAGTTTCAAAAGCAATTTCTCTTGGGCTGATTTAATAAAAGCTTGGCTGTTTTGGCGGAT
#66,TTGACAATTAATCATCCGGCTCGTATAATGTGTGGAATTGTGAGCGGATAACAAGCTAGCTATCCAATTAAGGAGTCATTTATGTTGACATCTCGTGAAAAAGAGGTCCTGCAATGGTGCGCCATTGGGAAAACTTCCTGGGAAATCAGCAAAATTGTAAATTGTTCAGAAGCTAATGTCAATTTTCACTTCGGTAACATCCGTCGTAAGTTTAACGTTACCTCACGTCGTGCCGCTGTAGCTAAAGCAATCAACTTGGGGCTTATCTAATAAAAGCTTGGCTGTTTTGGCGGAT
#67,TTGACAATTAATCATCCGGCTCGTATAATGTGTGGAATTGTGAGCGGATAACAAGCTAGCAATAGGATTGGAGGTACAGTATGCTTACCTCGCGTGAGAAAGAAGTATTGAAATGGTGCGCTATCGGAAAGACTACGTGGGAAATTAGTCGTATCTTGAACTGCTCTGAGGCTAACGTCAACTTCCATATGGGTAACATCCGCACCAAGTTTGGAGTTACATCTCGTCGCCAGGCCGCAATCATGGCGGTTAATTTAGGTCTGATTTAATAAAAGCTTGGCTGTTTTGGCGGA
#68,TTGACAATTAATCATCCGGCTCGTATAATGTGTGGAATTGTGAGCGGATAACAAGCTAGCACTAATTAATTAGGGAAGGTACGTATGCTTACGTCGCGCGAAAAAGAAGTCTTGTGTTGGACGGCTGAAGGTAAGACCTCTTGGGAGATCAGCAAAATTCTGAATTGTAGTGAGGCGACTGTCAACTTCCACATGGGCAACATCCGCCGCAAATTTAACGTTACTAACCGTCGTCAGGCAATTGCTAAGGCAATCAATATGGGCCTTATTTAATAAAAGCTTGGCTGTTTTGGCGGAT
#69,TTGACAATTAATCATCCGGCTCGTATAATGTGTGGAATTGTGAGCGGATAACAAGCTAGCGGCCAGAAAAGCAGGAGGTCTAGAATTTATGCTTACTTCACGTGAGAAGGAGGTATTACATTGGTGTGCCGAAGGGAAAACTTCTTGGGAGATTAGCAAGATCATCGTCTGCTCAGAACGCACTGTAAATTTTCATTTGGGCAACATTCAACACAAATTAGGTGTGACTAACCGCCGCCAGGCAGTAATTAAGGCTATCTCCTTGGGGCTGATCTAATAAAAGCTTGGCTGTTTTGGCGGAT
#70,TTGACAATTAATCATCCGGCTCGTATAATGTGTGGAATTGTGAGCGGATAACAAGCTAGCCAAACAACACAACAAGGAGATTAAAATGCTGACTTCGCGCGAGAAAGAAGTGCTTAAATGGTGCGCGGAGGGGAAAACGTCATGGGAGATTTCAAAAATCATCGTATGCTCCGAGGCAACGGTGAATTTCCACTTGGGGAACATCCGCCGCAAACTTGGCGTCACTTCGCGCCGCCAGGCTGTAATCAAGGCAATCTCACTGGGTCTGATCTAATAAAAGCTTGGCTGTTTTGGCGGAT
#71,TTGACAATTAATCATCCGGCTCGTATAATGTGTGGAATTGTGAGCGGATAACAAGCTAGCAATAATAAGGCTGGGATTTTTATGTTGACTAAACGCGAGAAAGAAGTGTTAAAGTGGTGCGCTGAGGGGAAGACTTCCTGGGAAATTAGCAAAATTATTGTGTGCTCAGAAGCGACCGTCTTCTTTCACCTTGGGAATATCCAACGTAAGCTGAATACGACAAACCGTCGTCAAGCCGTTTCCAAAGCCATCTCGCTGGGACTTATCTAATAAAAGCTTGGCTGTTTTGGCGGAT
#72,TTGACAATTAATCATCCGGCTCGTATAATGTGTGGAATTGTGAGCGGATAACAAGCTAGCTGCTCCAATTAAGAACTATTTCAATGCTGACGAAACGTGAAAAAGAGGTCCTTCACTGGTGCGCCGAAGGCAAAACCTCATGGGAGATTTCCAAAATCATTGTGTGCTCTGAAGCCACTGTGAATTTTCATCTGGGGAACATCCGCCATAAACTGGGCGTGACGAATCGCCGCCAGGCCATCATTAAGGCGATTTCATTAGGTCTGATTTAATAAAAGCTTGGCTGTTTTGGCGGAT
#73,TTGACAATTAATCATCCGGCTCGTATAATGTGTGGAATTGTGAGCGGATAACAAGCTAGCCGGCTTTCTCCCCCACAGGAGTAACAATTATGCTTACCAAGCGCGAAAAGGAGGTTCTGAAATGGTGCGCCGAAGGAAAAACTAGCTGGGAAATCTCCCAGATCATCGTGTGCTCCGAGGCCACCGTGAATTTTCACCTTGGAAACATTCGCCACAAGTTGGGGGTCACATCCCGTCGCCAAGCAGTGATTAAGGCAATCAGTCTGGGCTTAATCTAATAAAAGCTTGGCTGTTTTGGCGGAT
#74,TTGACAATTAATCATCCGGCTCGTATAATGTGTGGAATTGTGAGCGGATAACAAGCTAGCACCCGCTAAATTACCTAAAGGAGTCATATATGTTGACTTCCCGCGAGAAAGAAGTTTTGCATTGGTGTGCCGAAGGAAAAACTTCGTGGGAAATCTCGAAGATCATCGTATGCTCTGAACGTACTGTATTTTTTCACTTGGGCAACATTCAGCGTAAACTTGGGACCACTAACCGCCGCCAAGCCATCTCTAAGGCCATTCAGTTAGGACTGATCTAATAAAAGCTTGGCTGTTTTGGCGGAT
#75,TTGACAATTAATCATCCGGCTCGTATAATGTGTGGAATTGTGAGCGGATAACAAGCTAGCCGGAAGCGGTCGCCAGGGGTTTTTCATGTTAACGAGTCGTGAAAAAGAAGTGTTGCACTGGTGCGCCATTGGAAAAACATCCTGGGAGATTAGTCAAATCATTGTGTGCTCAGAGGCAAATGTTAACTTTCATTTAGGCAACATCCGCCGCAAATTAGGGGTCACTTCCCGTCGTCAAGCGGTAATCAAAGCGATCAATCTTGGCTTAATCTAATAAAAGCTTGGCTGTTTTGGCGGAT
#76,TTGACAATTAATCATCCGGCTCGTATAATGTGTGGAATTGTGAGCGGATAACAAGCTAGCCATCCCATCTAAGGACGTCACATAATGCTTACAAAACGTGAGAAAGAGTGTCTGAAATGGTGCGCGGAGGGTAAAACGTCCTGGGAGATTTCAAAAATTATTGTTTGTTCCGAGGCTACTGTGAACTTCCACCTTGGAAACATTCGCATGAAATTGGGAACGACAAATCGTCGTCAGGCCATTTCCAAGGCCATTAGTCTTGGTTTGATCTAATAAAAGCTTGGCTGTTTTGGCGGAT
#77,TTGACAATTAATCATCCGGCTCGTATAATGTGTGGAATTGTGAGCGGATAACAAGCTAGCCCAAAAATTTACAGGTTTAGAACATGCTGACTAAACGCGAAAAGGAGTGCCTTCACTGGTGCGCTGAGGGGAAGACTTCTTGGGAGATCAGTAAAATCATCGTTTGTTCAGAACGCACTGTTAATTTCCACTTGGGAAATATCACTCATAAGCTGGGGACAACGAACCGTCGCCAGGCAATCTCCAAGGCAATCTCACTGGGTCTTATTTAATAAAAGCTTGGCTGTTTTGGCGGAT
#78,TTGACAATTAATCATCCGGCTCGTATAATGTGTGGAATTGTGAGCGGATAACAAGCTAGCCATAGCTGACCAAGGTTCCATATTAATGCTGACATCCCGTGAAAAGGAAGTGCTTCACTGGTGCGCAGAGGGAAAAACTTCCTGGGAAATTAGCCAGATCATCGTCTGTAGTGAACGCACGGTGTCATTTCACTTGGGTAACATTCAACGCAAATTAGGGGTCACTAACCGCCGTCAAGCGATCATCCGTGCCATTAGTCTGGGCCTTATCTAATAAAAGCTTGGCTGTTTTGGCGGAT
#79,TTGACAATTAATCATCCGGCTCGTATAATGTGTGGAATTGTGAGCGGATAACAAGCTAGCCCCCCAAGACCTATCGAAGTAATTATGTTAACCAAACGTGAGAAGGAATGCCTGCAATGGCTGGCGGAGGGAAAAAGCTCATGGGAAATCTCTAAAATCCTTAATTGTTCTGAGGCTACCGTTAATTTTCATTTCGGAAATATCCGTCGTAAAATGGGTGTAACGAGCCGTCAGCAGGCTGTCGTCAAAGCAATCCAGTTAGGGCTGATTTAATAAAAGCTTGGCTGTTTTGGCGGAT
#80,TTGACAATTAATCATCCGGCTCGTATAATGTGTGGAATTGTGAGCGGATAACAAGCTAGCAAAGGAGGCTGTTTTTATATGTTAACTAAACGCGAGAAGGAGTGTCTGAAGTGGTCGGCAGAAGGCAAAACTTCTTGGGAAATCTCAAAAATCTTAAACTGTAGCGAGGCGACCGTAAATTTTCACTTCGGGAACATTCGCCGCAAAATGGGCGTCACATCACGCCAACAAGCTGTCGTGAAAGCAATCCAGTTAGGGTTGATCTAATAAAAGCTTGGCTGTTTTGGCGGAT
#81,TTGACAATTAATCATCCGGCTCGTATAATGTGTGGAATTGTGAGCGGATAACAAGCTAGCCGCATAGCTTAACTTAGGAGGCGCGTATGCTGACTAAACGCGAGAAGGAATGCCTTCAATGGAGTGCCGAGGGAAAGACTTCCTGGGAAATCTCCAAAATCTTGAATTGTAGCGAAGCGACGGTGAACTTTCATTTTGGTAACATTAACCGTAAAATGGGGGTTACCAGCCGTCAGCATGCAGTCATCCGTGCGATTCAATTAGGACTGATCTAATAAAAGCTTGGCTGTTTTGGCGGAT
#82,TTGACAATTAATCATCCGGCTCGTATAATGTGTGGAATTGTGAGCGGATAACAAGCTAGCCTGAAGTCGGACGAATTTAAGGAGATAGATATGTTGACAAAACGCGAAAAAGAATGTCTGCAGTGGCTTGCAGAAGGGAAATCAAGCTGGGAAATTAGCAAAATTTTGAATTGCTCAGAGGCCACCGTGAACTTTCACTTCGGCAATATCCGTCGTAAATTCGGTGTCACTTCACGCCAACACGCTGTGGTGAAGGCCATTCAACTTGGACTTATCTAATAAAAGCTTGGCTGTTTTGGCGGAT
#83,TTGACAATTAATCATCCGGCTCGTATAATGTGTGGAATTGTGAGCGGATAACAAGCTAGCCGGCAAATTTTAAGGTAGGGACGATATGCTGACGAAACGCGAAAAAGAGTGCTTGCAATGGTGCGCCGAGGGGAAAACCTCCTGGGAAATTAGTAAAATTTTGAACTGTTCAGAGGCTACGGTCAATTTTCATTTCGGGAACATCAATCGCAAAATGGGGGTAACCAGTCGTCAACACGCTGTGATTAAGGCAATCAACTTGGGGCTTATCTAATAAAAGCTTGGCTGTTTTGGCGGAT
#84,TTGACAATTAATCATCCGGCTCGTATAATGTGTGGAATTGTGAGCGGATAACAAGCTAGCCTAATATCCAAAAGGAATCCAACAAATGTTGACGAAGCGCGAGAAAGAATGTCTTCAGTGGTCGGCTGAGGGGAAAACCTCATGGGAAATTAGTAAGATTTTGAACTGTTCCGAGGCTACCGTAAATTTCCATCTGGGAAATATCCGCCGTAAAATGGGAGTGACTTCCCGTCAACATGCAGTTATCAAAGCAATCCAGTTAGGGTTGATTTAATAAAAGCTTGGCTGTTTTGGCGGAT
#85,TTGACAATTAATCATCCGGCTCGTATAATGTGTGGAATTGTGAGCGGATAACAAGCTAGCTATTGGGAGGTTCTTTGGGAATGCTGACAAAGCGCGAGAAGGAGTGTCTGCAATGGAGCGCGGAGGGTAAGACTTCATGGGAAATTAGCAAGATCATTAATTGTTCCGAGCGCACTGTCAATTTCCATTTAGGGAACATTCGTATGAAAATGGGGGTGACCTCCCGTCAGCAAGCGGTTTCGCGTGCTATTCAGTTGGGGTCCATTTAATAAAAGCTTGGCTGTTTTGGCGGAT
#86,TTGACAATTAATCATCCGGCTCGTATAATGTGTGGAATTGTGAGCGGATAACAAGCTAGCTAAAATATATCATCAGAGAGGTAATTTATGTTGACGAAGCGCGAAAAGGAGTGCTTAAAATGGACGGCTGAGGGTAAAACGAGCTGGGAAATCTCCAAAATCCTTAACTGTTCCGAGGCGACGGTAAACTTCCACTTTGGCAACATTCGTCGTAAATTCGGGGTCACATCCCGTCGTCACGCCGTGATTAAGGCAATCAACCTGGGTCTGATCTAATAAAAGCTTGGCTGTTTTGGCGGAT
#87,TTGACAATTAATCATCCGGCTCGTATAATGTGTGGAATTGTGAGCGGATAACAAGCTAGCCCACCCTAGCAGTATAAGGCCAGGAAATATGTTGACTAAGCGCGAAAAAGAGTGTTTGCAGTGGACTGCCGAAGGCAAAACCAGTTGGGAGATCAGTAAGATTTTGAATTGTAGCGAAGCGACAGTCAACTTCCACTTGGGTAACATCAATCGTAAAATGGGAGTCACCAGCCGTCGCGTCGCTGCTATCCGCGCGATTAACTTAGGGTTGATTTAATAAAAGCTTGGCTGTTTTGGCGGAT
#88,TTGACAATTAATCATCCGGCTCGTATAATGTGTGGAATTGTGAGCGGATAACAAGCTAGCTGAGCTGGCAAGTCGGAGTATAATTATGTTGACGAAACGTGAAAAGGAAAGTTTACAATGGAGTGCTGAGGGTAAGAGCACATGGGATATTGCGAAAATTTTGAACTGCAGTGAACGTACCGTAAACTTCCATCTGCAGAACATCCGCATGAAGATGGGGGTGACGAACCGTCAACACGCTGTGTCCCGCGCTATTCAGCTTGGGGCGATTTAATAAAAGCTTGGCTGTTTTGGCGGAT
#89,TTGACAATTAATCATCCGGCTCGTATAATGTGTGGAATTGTGAGCGGATAACAAGCTAGCACATTAAGAGAGGGCCATATATCAATGTTAACAAAGCGTGAGAAGGAATGCTTGCAATGGGCGGCAGAAGGTAAAACAAGCTGGGAGATTTCTAAAATTCTGAATTGCTCTGAAGCGACTGTAAACTTTCACCTGGGCAATATCGCTCGTAAGATGGGTGTGACTTCTCGTCAGCAAGCTGTTATCCGTGCTATCCAACTGGGTTTGATTTAATAAAAGCTTGGCTGTTTTGGCGGAT
#90,TTGACAATTAATCATCCGGCTCGTATAATGTGTGGAATTGTGAGCGGATAACAAGCTAGCTAAAAATTCAACTGGGGGGAACTGATGTTGACGAAGCGTGAGAAGGAATGCTTACAATGGACGGCGGAAGGGAAGACGTCGTGGGAAATCTCGAAGATTTTGAACTGTTCCGAAGCCACGGTAAATTTTCACTTTGGGAACATCGCCCGTAAGTTTGGCGTAACCAGCCGTCAGCAGGCGGTAATTCGCGCTATTTCCTTGGGCCTGATTTAATAAAAGCTTGGCTGTTTTGGCGGAT
#91,TTGACAATTAATCATCCGGCTCGTATAATGTGTGGAATTGTGAGCGGATAACAAGCTAGCCACGTACGGCCCGGAGGAGGTCCCATGTTAACGAAACGCGAGAAGGAGAGCTTGAAGTGGAGCGCAGAAGGGAAAACGTCCTGGGAGATTTCCAAGATCCTTAACTGCTCAGAGGCTACTGTTAATTTTCATCTTGGCAACATTCGTATGAAATTAGGTGTAACCTCGCGCCAACACGCTGTATCGAAAGCTATCCTTCTTGGCAGTATTTAATAAAAGCTTGGCTGTTTTGGCGGAT
#92,TTGACAATTAATCATCCGGCTCGTATAATGTGTGGAATTGTGAGCGGATAACAAGCTAGCTGGCAGAAGGCAGGAGGAATTTAATGCTTACAAAGCGCGAGAAGGAAGTTTTGTGCTGGACTGCTGAAGGTAAATCTTCATGGGAAATCAGCCGCATCTTAAATTGCTCTGAGGCGAACGTAAACTTCCATTTCTCGAATATCAACATGAAATTTGGTGTAACTTCTCGTCAGCACGCCGTTGTGAAGGCAGTCAATCTTGGGCTGATTTAATAAAAGCTTGGCTGTTTTGGCGGAT
#93,TTGACAATTAATCATCCGGCTCGTATAATGTGTGGAATTGTGAGCGGATAACAAGCTAGCTTGGGCGAAGGTAGCGAGGAAATATGTTGACAAAACGTGAGAAGGAGGTGCTGACTTGGACAGCCATTGGTAAAAGTTCGTGGGAAATCTCACGTATTCTTAATTGTTCGGAAGCGAATGTGAATTTTCATTTTAAGAACATCAATATGAAGTTTGGCGTTACCTCACGCCAGGACGCCGTAGTGAAAGCCATTAACCTGGGGCTTATCTAATAAAAGCTTGGCTGTTTTGGCGGAT
#94,TTGACAATTAATCATCCGGCTCGTATAATGTGTGGAATTGTGAGCGGATAACAAGCTAGCGACCCAACTCCAGGAGGTTTTTCATGCTTACTTCGCGCGAGAAAGAGGTTTTATGCTGGTGTGCTGAGGGGAAAAGTAGTTGGGAAATCTCTCGTATCTTAAATTGTAGTGAGGCTAACGTCAATTTCCATTTCTCTAATATCAACATGAAGTTCGGCGTGACATCGCGTCGCCACGCCGTGGTGCGCGCAGTGAATTTAGGATTGATTTAATAAAAGCTTGGCTGTTTTGGCGGAT
#95,TTGACAATTAATCATCCGGCTCGTATAATGTGTGGAATTGTGAGCGGATAACAAGCTAGCTATATCGCTGGTACAAATACATTGGAGGCTAAATCATGCTGACTTCGCGCGAGAAGGAGGTCCTTACCTGGACAGCGATTGGGAAGTCTTCATGGGAGATCAGTAAGATCCTGAATTGTTCCGAAGCGAATGTCAATTTTCATTTTAACAACATCAACATGAAGTTCGGGGTAACATCCCGCCGCGCAGCCGTGGTTAAGGCCGTCAATTTAGGCCTTATCTAATAAAAGCTTGGCTGTTTTGGCGGAT
#96,TTGACAATTAATCATCCGGCTCGTATAATGTGTGGAATTGTGAGCGGATAACAAGCTAGCCGGGGAGACTGCGGGATTGGGGTATTGATATGCTTACAAAGCGTGAGAAAGAAGTGTTATGTTGGACCTGTGAAGGAAAATCCTCGTGGGAAATTAGTAAAATTTTAAACTGTAGCGAAGCTAATGTCAATTTTCATTTCTCAAACATTAACATGAAGTTTGGTGTGACGAACCGTCAAGCTGCTGTTGTTAAAGCAGTGAATATGGGTCTTATCTAATAAAAGCTTGGCTGTTTTGGCGGAT
#97,TTGACAATTAATCATCCGGCTCGTATAATGTGTGGAATTGTGAGCGGATAACAAGCTAGCGCTGAACTATTAAGGCAGGATTATTATGCTTACATCACGTGAAAAAGAAGTGTTGACGTGGACTGCGGAGGGGAAATCAAGTTGGGAAATCAGCCGCATCCTGAACTGTAGCGAGGCTAATGTAAATTTTCACTTTAAGAATATCTATATGAAGTTCGGCACCACGTCCCGCCAAGATGTCGTAGTTAAAGCGATCAATATGGGACTTATTTAATAAAAGCTTGGCTGTTTTGGCGGAT
#98,TTGACAATTAATCATCCGGCTCGTATAATGTGTGGAATTGTGAGCGGATAACAAGCTAGCTAATAGTTTATATAGGAGTCGAATATGTTGACCTCTCGTGAAAAGGAAGTCCTTAATTGGACGGCAGAAGGAAAGACATCTTGGGAAATCTCCCGTATTCTGAATTGCTCTGAAGCAAATGTAAACTTCCACTTTTCAAACATCAATATGAAGTTTGGAGTTACTTCCCGTCGCGCAGCAGTCGTCAAAGCGATCAACATGGGGCTGATTTAATAAAAGCTTGGCTGTTTTGGCGGAT
#99,TTGACAATTAATCATCCGGCTCGTATAATGTGTGGAATTGTGAGCGGATAACAAGCTAGCCAAGGCGGTAGAATAGGGAGAACAAAATGTTGACCTCGAAAGAAAAAGAGGTGCTGAACTGGACGGCCGAGGGTAAAACATCGTGGGAAATCTCTCGTATCCTTAATTGTTCCGAGGCGAACGTCAACTTCCATTTCTCTAACATTAATATGAAGTTCGGTGTAACTTCGCGCCAGGACGCTGTTGTGAAAGCTATCAACATGGGATTGATTTAATAAAAGCTTGGCTGTTTTGGCGGAT
#100,TTGACAATTAATCATCCGGCTCGTATAATGTGTGGAATTGTGAGCGGATAACAAGCTAGCTATAGTTATTTCCCTCGGTTTATTATGCTGACATCGCGTGAAAAAGAAGTCTTGTGCTGGACCGCTGAAGGAAAATCATCGTGGGAGATTTCGCGTATTTTGAACTGCTCTGAAGCTAATGTGAATTTTCACTTCTCCAACATCAATATGAAATTCGGGGTGACAAACCGCCGCCACGCCGTTGTCAAGGCAGTAAACCTTGGGCTTATCTAATAAAAGCTTGGCTGTTTTGGCGGAT
#101,TTGACAATTAATCATCCGGCTCGTATAATGTGTGGAATTGTGAGCGGATAACAAGCTAGCAGCTTGCTGATTATAAGAGAAGAAGAGTTTTTTATGCTTACCAAACGCGAAAAAGAGGTCCTGTGTTGGTGTTGTGAGGGTAAGACCAGCTGGGAGATCAGCAAGATTCTTAATTGTAGCGAGGCCAACGTCAACTTTCACTTCTCTAATATCAATATGAAATTTGGGGTCACAAATCGTCGTGCGGCGGTAGTCCGCGCCGTACAGCTGGGTTTAATTTAATAAAAGCTTGGCTGTTTTGGCGGAT
#102,TTGACAATTAATCATCCGGCTCGTATAATGTGTGGAATTGTGAGCGGATAACAAGCTAGCAAAGGCCCAGGTCTAAGGAAAATCATATGCTTACATCCCGTGAGAAAGAAGTGTTACAGTGGACTGCAATCGGCAAAACTTCCTGGGAGATTTCCCGTATCTGTAACTGTAGTGAAGCCAACGTGAATTTCCATTTCGGAAATATTAACATGAAATTCGGAGTGACGAGCCGCCGTGCAGCAGTTGTCAAAGCGGTGAATCTTGGGTTAATTTAATAAAAGCTTGGCTGTTTTGGCGGAT
#103,TTGACAATTAATCATCCGGCTCGTATAATGTGTGGAATTGTGAGCGGATAACAAGCTAGCAAACTCAGCCCGAGGAGAGATTCCATCATGCTTACACCCCGTGAAAAAGAAGTATTAAAGTGGTCTGCTATTGGTAAAACCTCATGGGAGATTTCCCAAATTCTGAACTGTTCTGAGGCCACTGTAAATTTTCATTTTAGCAACATTCGTCGCAAATTCGGCGTAACTAATCGTCGTCAAGCGGTGGTGAAGGCTATTCAGTTGGGTCTTATCTAATAAAAGCTTGGCTGTTTTGGCGGAT
#104,TTGACAATTAATCATCCGGCTCGTATAATGTGTGGAATTGTGAGCGGATAACAAGCTAGCCGTCAAAAATCGGGGGAGGCCCGAAATGTTAACACCGCGTGAGAAGGAGGTCTTGAAGTGGAGTGCTATCGGTAAAACAAGCTGGGAAATCAGTCAAATTCTTAACTGTTCTGAAGCAACAGTTAATTTTCATATGTCTAATATCCGTCGTAAGTTTGGGGTGACAAACCGCCGTCAAGCTGTTGTGAAGGCAGTAAACATGGGCTTAATCTAATAAAAGCTTGGCTGTTTTGGCGGAT
#105,TTGACAATTAATCATCCGGCTCGTATAATGTGTGGAATTGTGAGCGGATAACAAGCTAGCGAGAGCAGTTGTAAGGGGGCGAATATGCTTACTCCGCGTGAAAAGGAGGTATTAAAGTGGAGTATGGTCGGGAAGAGTTCCTGGGAGATTTCTAAAATTTTAAACTGTTCCGAGGCGACGGTGAATTTCCACTTCTCAAACATTCGTCGTAAGTTTGGTGTTACTTCTCGCCAACAAGCCGTTGTAAAGGCCATTCAGCTTGGCATCATCTAATAAAAGCTTGGCTGTTTTGGCGGAT
#106,TTGACAATTAATCATCCGGCTCGTATAATGTGTGGAATTGTGAGCGGATAACAAGCTAGCGGCTAAACAACGATTGGGGACGGGATTCTATGTTGACTTCACGCGAGAAGGAAGTATTGCAATGGTGCGCTATCGGTAAGACTTCATGGGAGATTAGTAAAATTATTAATTGTTCAGAAGCGACAGTAAACTTCCATTTCGGGAATATCCGCCGTAAATTCGGCGTTACCTCGCGCCAACAAGCTATCATCAAAGCCGTAAACCTGGGGCTGATTTAATAAAAGCTTGGCTGTTTTGGCGGAT
#107,TTGACAATTAATCATCCGGCTCGTATAATGTGTGGAATTGTGAGCGGATAACAAGCTAGCACCATAGCGATATCAGGGGAGGCCTAGATGTTAACTTCGCGCGAGAAAGAGGTTTTGCAGTGGTGTGCGATTGGAAAAACGTCTTGGGAAATTTCTAAAATTTGCAATTGCAGTGAAGCTAACGTGAATTTCCACTTTGGGAACATCCGCCGTAAATTTAATGTAACCAGTCGCCGCCAAGCCATCATTAAAGCCATCAACTTAGGGCTTATTTAATAAAAGCTTGGCTGTTTTGGCGGAT
#108,TTGACAATTAATCATCCGGCTCGTATAATGTGTGGAATTGTGAGCGGATAACAAGCTAGCCCATACACTACACCCTAAGAGCCTTTTATGCTTACATCCCGCGAGAAGGAAGTCCTTCAATGGTGTGCAATCGGAAAGACTTCCTGGGAGATCAGTAAAATTTGCAACTGTAGTGAGGCAAATGTCAACTTTCATTTCGGGAATATTCGTCGCAAATTTAATGTAACGAGCCGTCGCCAAGCTATTATTATGGCCGTTAATTTGGGGTTAATCTAATAAAAGCTTGGCTGTTTTGGCGGAT
#109,TTGACAATTAATCATCCGGCTCGTATAATGTGTGGAATTGTGAGCGGATAACAAGCTAGCTAACTACCCAAGAACACTAGTAGAGGATTATATGTTGACTAAACGCGAGAAGGTTGTACTTAAATGGTGCGCCGAAGGGAAAACATCGTGGGAGATTTCCCAGATTTTCAACTGCTCTGAAGCGAATGTGAACTTCCATATTGGTAATATCCAGCGTAAGTTCAACACAACAAATCGTCGTGCGGTTATTGTGATGGCGGTAAACCTGGGGTTAATTTAATAAAAGCTTGGCTGTTTTGGCGGAT
#110,TTGACAATTAATCATCCGGCTCGTATAATGTGTGGAATTGTGAGCGGATAACAAGCTAGCAATTAATAGGGACATAGATTATTGATGTTGACCAAACGTGAGAAGGTATGCTTATCATGGTGTGCAGAGGGAAAAACCAGTTGGGAGATTTCTCAGATTTTCAACTGCTCAGAGGCCAATGTCAACTTCCATATTGGGAATATCCAACGCAAATTTAATACTACTAATCGCCGCGCTGCTATCATCATGGCGGTAAACCTGGGCCTGATCTAATAAAAGCTTGGCTGTTTTGGCGGA
#111,TTGACAATTAATCATCCGGCTCGTATAATGTGTGGAATTGTGAGCGGATAACAAGCTAGCTATCATAAAGGAATTTTGTAATGCTGACGTCGCGCGAGAAAGTGGTCTTAAAGTGGTGTGCAGAAGGGAAGACTAGCTGGGAGATTTCGCATATCTTTAATTGCAGTGAGGCCAATGTCAACTTTCACATCGGGAACATCCAGCGTAAATTTAATACGACGAACCGTCGCGCTGCGGCGATCATGGCAGTAAACTTAGGGGCTATCTAATAAAAGCTTGGCTGTTTTGGCGGAT
#112,TTGACAATTAATCATCCGGCTCGTATAATGTGTGGAATTGTGAGCGGATAACAAGCTAGCTAGTTTAAGAGAAATATTATATGTTAACAAAGCGCGAAAAGGAGGTTTTGAAGTGGTGTGCAGAAGGGAAAACCTCGTGGGAAATTTCACAGATTTTTAATTGTTCCGAAGCGAATGTCAACTTTCATATTGGCAACATTCAACGTAAATTTAACGTTACTAATCGTTCGGCAGCCATTGTTATGGCCGTAAATTTGGGGCTGATCTAATAAAAGCTTGGCTGTTTTGGCGGAT
#113,TTGACAATTAATCATCCGGCTCGTATAATGTGTGGAATTGTGAGCGGATAACAAGCTAGCGGCAAAAATTAGGGAAATCGAAATGCTTACTAAGCGCGAGAAAGAGGTATTAAAGTGGTGTGCAGAGGGCAAGACATCGTGGGAAATTTCTCAAATTTACAACTGCTCTGAGGCGAATGTTAATTTCCACATCGGTAATATCCAGCGCAAATTTGGGACTACGAACCGCTCGGCGGCTGCCATCATGGCCGTGAACTTGGGTGCCATTTAATAAAAGCTTGGCTGTTTTGGCGGAT
#114,TTGACAATTAATCATCCGGCTCGTATAATGTGTGGAATTGTGAGCGGATAACAAGCTAGCTAGCATAGCCGGTAAAGTTTTTAAGGGGTCGTCATGTTGACGAAGCGTGAAAAAGTATGCTTGTCATGGTGTGCGGAAGGTAAGACCTCTTGGGAGATTTCTCATATCTTCAACTGCTCAGAGGCAAACGTAAATTTCCACATCGGTAACATTCAGCGTAAGTTTGGGACCACAAACCGTCGCGCTGCCATCGTCATGGCGGTAAACCTTGGGGCTATCTAATAAAAGCTTGGCTGTTTTGGCGGAT
#115,TTGACAATTAATCATCCGGCTCGTATAATGTGTGGAATTGTGAGCGGATAACAAGCTAGCGGATTTAAGGAGGACCTGGGATGCTGACTTCGCGCGAAAAAGTATGCCTGAGCTGGTGCGCGGAAGGAAAGACCAGTTGGGAGATTTCACACATCTTAAATTGCTCTGAAGCAAATGTAAACTTTCACATCGGGAACATCCAACGCAAATTTAACACTACGAGTCGTCGTGCTGCAATTATCATGGCAGTCAATTTAGGATTGATCTAATAAAAGCTTGGCTGTTTTGGCGGAT
#116,TTGACAATTAATCATCCGGCTCGTATAATGTGTGGAATTGTGAGCGGATAACAAGCTAGCAAGCTTACAAGATAAGGATCACGGACAAATGTTAACGTCGCGCGAAAAGGAAGTGCTTAAATGGACGGCAGTGGGGAAAACGTCTTGGGAAATCAGTGTCATTGTTGTGTGTTCTGAAGCTAACGTTAACTTCCATATGACTAACATTCGCCACAAGTTTGGTGTCACATCCCGTCGTGCTGCCGCAGTCCGCGCAGTAAATCTTGGACTGATTTAATAAAAGCTTGGCTGTTTTGGCGGAT
#117,TTGACAATTAATCATCCGGCTCGTATAATGTGTGGAATTGTGAGCGGATAACAAGCTAGCTAAGAGGCTATTCCAGGGGAAAGATATGCTTACAAGTCGCGAGAAGGAAGTACTGAAGTGGTGTACTATCGGAAAAACATCATGGGAGATCTCTGTAATTTGTGTATGTTCGGAGGCTAATGTCAACTTTCACATGAGTAACATTCGTCACAAATTTGGGGTTACGAATCGCCGCGCAGCCGCAGTACGCGCAGTGAATTTGGGTCTGATTTAATAAAAGCTTGGCTGTTTTGGCGGAT
#118,TTGACAATTAATCATCCGGCTCGTATAATGTGTGGAATTGTGAGCGGATAACAAGCTAGCGTAGAAAAAACGGGGAGCGATTAAATGCTGACTAGCCGCGAGAAGGAAGTCTTAAAATGGTGCGCGGTGGGCAAGACAAGCTGGGAAATCTCGGTAATCGTCGTCTGCTCCGAGGCAAATGTGAACTTTCACATGACTAATATCCGCCGTAAATTTGGGGTGACTAGCCGCCGTATGGCTGCCGTGCGTGCTGTCAATTTGGGGCTGATCTAATAAAAGCTTGGCTGTTTTGGCGGAT
#119,TTGACAATTAATCATCCGGCTCGTATAATGTGTGGAATTGTGAGCGGATAACAAGCTAGCTATAATAACATAGCACCCTAGGAGATAACATGCTGACGAGCCGTGAGAAGGAGGTATTACAATGGTGCGCGGTGGGCAAAACGTCCTGGGAGATTTCAGTTATTGTAAATTGCAGTGAGGCTAATGTAAACTTTCACATGACTAATATCCGCCGTAAATTTGGCGTGACAAGTCGTCGTATGGCCGCGGTTCGTGCGGTCAATTTGGGCCTTATCTAATAAAAGCTTGGCTGTTTTGGCGGAT
#120,TTGACAATTAATCATCCGGCTCGTATAATGTGTGGAATTGTGAGCGGATAACAAGCTAGCTAGACTAGTATATTACGTCAGAGGGGGATTTCTATGCTGACATCGCGTGAGAAAGAAGTGCTTCAGTGGTGCGCTATTGGCAAGACTTCATGGGAAATCAGCGTTATCCTTGTTTGCAGCGAAGCAAATGTAAATTTTCACATGACTAATATCCGCCGTAAATTCGGAGTAACTTCCCGCCGTATGGCAGCGGTCCGTGCAGTAAATTTAGGGTTAATCTAATAAAAGCTTGGCTGTTTTGGCGGAT
